data,loja,regiao,produto,categoria,quantidade,preco_unitario
2026-01-16,Loja Norte,Norte,Mochila,Acessórios,1,89.9
2026-06-06,Loja Norte,Norte,Sandália,Calçados,2,79.9
2026-06-07,Loja Norte,Norte,Camiseta,Roupas,2,49.9
2026-03-15,Loja Sul,Sul,Camiseta,Roupas,1,49.9
2026-06-14,Loja Sul,Sul,Camiseta,Roupas,4,49.9
2026-08-28,Loja Centro,Centro,Mochila,Acessórios,4,89.9
2026-04-18,Loja Sul,Sul,Camiseta,Roupas,3,49.9
2026-07-20,Loja Sul,Sul,Calça,Roupas,5,119.9
2026-06-29,Loja Sul,Sul,Calça,Roupas,7,119.9
2026-06-03,Loja Norte,Norte,Sandália,Calçados,7,79.9
2026-03-28,Loja Norte,Norte,Mochila,Acessórios,7,89.9
2026-05-21,Loja Sul,Sul,Calça,Roupas,2,119.9
2026-01-28,Loja Norte,Norte,Mochila,Acessórios,3,89.9
2026-05-20,Loja Norte,Norte,Camiseta,Roupas,5,49.9
2026-05-18,Loja Sul,Sul,Camiseta,Roupas,3,49.9
2026-05-20,Loja Centro,Centro,Camiseta,Roupas,2,49.9
2026-01-29,Loja Sul,Sul,Sandália,Calçados,2,79.9
2026-04-07,Loja Centro,Centro,Tênis,Calçados,1,199.9
2026-03-13,Loja Centro,Centro,Mochila,Acessórios,1,89.9
2026-04-19,Loja Centro,Centro,Tênis,Calçados,7,199.9
2026-01-16,Loja Sul,Sul,Camiseta,Roupas,6,49.9
2026-05-31,Loja Centro,Centro,Tênis,Calçados,4,199.9
2026-08-09,Loja Centro,Centro,Mochila,Acessórios,1,89.9
2026-03-21,Loja Sul,Sul,Calça,Roupas,5,119.9
2026-08-26,Loja Centro,Centro,Tênis,Calçados,2,199.9
2026-02-15,Loja Norte,Norte,Tênis,Calçados,1,199.9
2026-06-15,Loja Norte,Norte,Calça,Roupas,1,119.9
2026-01-30,Loja Sul,Sul,Sandália,Calçados,1,79.9
2026-04-23,Loja Centro,Centro,Tênis,Calçados,7,199.9
2026-02-23,Loja Norte,Norte,Tênis,Calçados,2,199.9
2026-08-23,Loja Sul,Sul,Camiseta,Roupas,2,49.9
2026-08-22,Loja Centro,Centro,Calça,Roupas,1,119.9
2026-01-13,Loja Norte,Norte,Tênis,Calçados,3,199.9
2026-05-26,Loja Sul,Sul,Calça,Roupas,5,119.9
2026-06-09,Loja Centro,Centro,Camiseta,Roupas,6,49.9
2026-05-05,Loja Norte,Norte,Camiseta,Roupas,7,49.9
2026-03-08,Loja Sul,Sul,Camiseta,Roupas,4,49.9
2026-06-05,Loja Sul,Sul,Sandália,Calçados,3,79.9
2026-04-18,Loja Sul,Sul,Tênis,Calçados,1,199.9
2026-04-26,Loja Norte,Norte,Sandália,Calçados,7,79.9
2026-05-30,Loja Norte,Norte,Sandália,Calçados,2,79.9
2026-08-18,Loja Centro,Centro,Camiseta,Roupas,2,49.9
2026-08-24,Loja Centro,Centro,Sandália,Calçados,3,79.9
2026-06-06,Loja Centro,Centro,Camiseta,Roupas,6,49.9
2026-08-06,Loja Sul,Sul,Sandália,Calçados,2,79.9
2026-08-02,Loja Sul,Sul,Calça,Roupas,7,119.9
2026-06-11,Loja Norte,Norte,Calça,Roupas,5,119.9
2026-02-09,Loja Sul,Sul,Mochila,Acessórios,4,89.9
2026-01-04,Loja Norte,Norte,Camiseta,Roupas,2,49.9
2026-07-16,Loja Centro,Centro,Mochila,Acessórios,7,89.9
2026-04-27,Loja Sul,Sul,Camiseta,Roupas,3,49.9
2026-01-03,Loja Sul,Sul,Calça,Roupas,2,119.9
2026-08-19,Loja Sul,Sul,Calça,Roupas,4,119.9
2026-06-30,Loja Sul,Sul,Sandália,Calçados,6,79.9
2026-06-26,Loja Norte,Norte,Mochila,Acessórios,7,89.9
2026-06-18,Loja Sul,Sul,Tênis,Calçados,7,199.9
2026-07-17,Loja Centro,Centro,Tênis,Calçados,1,199.9
2026-06-28,Loja Norte,Norte,Tênis,Calçados,1,199.9
2026-03-05,Loja Centro,Centro,Calça,Roupas,4,119.9
2026-06-05,Loja Norte,Norte,Tênis,Calçados,4,199.9
2026-04-14,Loja Norte,Norte,Camiseta,Roupas,7,49.9
2026-02-20,Loja Centro,Centro,Calça,Roupas,1,119.9
2026-01-15,Loja Centro,Centro,Mochila,Acessórios,6,89.9
2026-05-15,Loja Norte,Norte,Mochila,Acessórios,3,89.9
2026-04-23,Loja Norte,Norte,Mochila,Acessórios,4,89.9
2026-02-08,Loja Centro,Centro,Tênis,Calçados,5,199.9
2026-05-25,Loja Norte,Norte,Camiseta,Roupas,4,49.9
2026-02-09,Loja Sul,Sul,Calça,Roupas,2,119.9
2026-07-26,Loja Norte,Norte,Sandália,Calçados,3,79.9
2026-03-02,Loja Norte,Norte,Camiseta,Roupas,3,49.9
2026-01-04,Loja Norte,Norte,Camiseta,Roupas,5,49.9
2026-02-21,Loja Norte,Norte,Tênis,Calçados,5,199.9
2026-07-18,Loja Norte,Norte,Mochila,Acessórios,6,89.9
2026-07-22,Loja Centro,Centro,Camiseta,Roupas,5,49.9
2026-03-27,Loja Sul,Sul,Sandália,Calçados,2,79.9
2026-04-23,Loja Centro,Centro,Sandália,Calçados,4,79.9
2026-01-20,Loja Norte,Norte,Tênis,Calçados,2,199.9
2026-02-06,Loja Norte,Norte,Tênis,Calçados,1,199.9
2026-08-23,Loja Sul,Sul,Camiseta,Roupas,1,49.9
2026-01-14,Loja Norte,Norte,Mochila,Acessórios,4,89.9
2026-06-09,Loja Sul,Sul,Mochila,Acessórios,1,89.9
2026-04-14,Loja Centro,Centro,Sandália,Calçados,5,79.9
2026-01-01,Loja Norte,Norte,Mochila,Acessórios,1,89.9
2026-03-01,Loja Norte,Norte,Tênis,Calçados,3,199.9
2026-03-01,Loja Sul,Sul,Calça,Roupas,7,119.9
2026-07-19,Loja Sul,Sul,Tênis,Calçados,5,199.9
2026-05-16,Loja Norte,Norte,Camiseta,Roupas,4,49.9
2026-03-29,Loja Norte,Norte,Tênis,Calçados,2,199.9
2026-01-03,Loja Sul,Sul,Camiseta,Roupas,3,49.9
2026-05-19,Loja Sul,Sul,Mochila,Acessórios,1,89.9
2026-08-08,Loja Norte,Norte,Camiseta,Roupas,1,49.9
2026-03-05,Loja Norte,Norte,Calça,Roupas,4,119.9
2026-06-16,Loja Sul,Sul,Calça,Roupas,2,119.9
2026-04-16,Loja Centro,Centro,Camiseta,Roupas,7,49.9
2026-06-05,Loja Sul,Sul,Camiseta,Roupas,6,49.9
2026-08-07,Loja Centro,Centro,Calça,Roupas,2,119.9
2026-02-27,Loja Centro,Centro,Tênis,Calçados,1,199.9
2026-01-24,Loja Norte,Norte,Tênis,Calçados,2,199.9
2026-08-14,Loja Centro,Centro,Camiseta,Roupas,5,49.9
2026-04-12,Loja Norte,Norte,Mochila,Acessórios,5,89.9
2026-08-16,Loja Norte,Norte,Mochila,Acessórios,7,89.9
2026-05-29,Loja Sul,Sul,Mochila,Acessórios,2,89.9
2026-08-14,Loja Norte,Norte,Tênis,Calçados,2,199.9
2026-08-25,Loja Sul,Sul,Mochila,Acessórios,3,89.9
2026-02-07,Loja Sul,Sul,Tênis,Calçados,1,199.9
2026-05-07,Loja Norte,Norte,Calça,Roupas,2,119.9
2026-01-16,Loja Sul,Sul,Camiseta,Roupas,1,49.9
2026-08-07,Loja Sul,Sul,Calça,Roupas,3,119.9
2026-05-14,Loja Sul,Sul,Calça,Roupas,1,119.9
2026-01-20,Loja Norte,Norte,Camiseta,Roupas,2,49.9
2026-08-13,Loja Sul,Sul,Sandália,Calçados,3,79.9
2026-04-01,Loja Centro,Centro,Calça,Roupas,3,119.9
2026-08-09,Loja Sul,Sul,Camiseta,Roupas,1,49.9
2026-08-01,Loja Centro,Centro,Sandália,Calçados,6,79.9
2026-01-15,Loja Sul,Sul,Sandália,Calçados,6,79.9
2026-02-04,Loja Norte,Norte,Mochila,Acessórios,4,89.9
2026-08-02,Loja Sul,Sul,Tênis,Calçados,7,199.9
2026-06-08,Loja Centro,Centro,Mochila,Acessórios,2,89.9
2026-03-03,Loja Sul,Sul,Tênis,Calçados,2,199.9
2026-01-11,Loja Centro,Centro,Tênis,Calçados,4,199.9
